"","X","POLY_ID","Species","Product","sum","Link","POLY_ID.1","Species.1","total","percentage","join"
"1",1,"437-01","AT","Large Sawlog",820,"AT437-01","437-01","AT",14908,5.5004024684733,"437-01ATLarge Sawlog"
"2",2,"437-01","AT","Small Sawlog",14088,"AT437-01","437-01","AT",14908,94.4995975315267,"437-01ATSmall Sawlog"
"3",3,"437-01","B","Large Sawlog",3785,"B437-01","437-01","B",111227,3.40295072239654,"437-01BLarge Sawlog"
"4",4,"437-01","B","Small Sawlog",52890,"B437-01","437-01","B",111227,47.5514038857472,"437-01BSmall Sawlog"
"5",5,"437-01","B","Stud",54552,"B437-01","437-01","B",111227,49.0456453918563,"437-01BStud"
"6",6,"437-01","C","Large Sawlog",19720,"C437-01","437-01","C",351484,5.61049720613172,"437-01CLarge Sawlog"
"7",7,"437-01","C","Small Sawlog",331764,"C437-01","437-01","C",351484,94.3895027938683,"437-01CSmall Sawlog"
"8",8,"437-01","DF","Large Sawlog",75760,"DF437-01","437-01","DF",648232,11.6871737279246,"437-01DFLarge Sawlog"
"9",9,"437-01","DF","Small Sawlog",318162,"DF437-01","437-01","DF",648232,49.0815016845821,"437-01DFSmall Sawlog"
"10",10,"437-01","DF","Stud",254310,"DF437-01","437-01","DF",648232,39.2313245874934,"437-01DFStud"
"11",11,"437-01","EP","Large Sawlog",10,"EP437-01","437-01","EP",3736,0.267665952890792,"437-01EPLarge Sawlog"
"12",12,"437-01","EP","Small Sawlog",3726,"EP437-01","437-01","EP",3736,99.7323340471092,"437-01EPSmall Sawlog"
"13",13,"437-01","H","Small Sawlog",48,"H437-01","437-01","H",48,100,"437-01HSmall Sawlog"
"14",14,"437-01","PL","Large Sawlog",8815,"PL437-01","437-01","PL",230038,3.83197558664221,"437-01PLLarge Sawlog"
"15",15,"437-01","PL","Small Sawlog",92646,"PL437-01","437-01","PL",230038,40.274215564385,"437-01PLSmall Sawlog"
"16",16,"437-01","PL","Stud",128577,"PL437-01","437-01","PL",230038,55.8938088489728,"437-01PLStud"
"17",17,"437-05","AT","Large Sawlog",492,"AT437-05","437-05","AT",12232,4.0222367560497,"437-05ATLarge Sawlog"
"18",18,"437-05","AT","Small Sawlog",11740,"AT437-05","437-05","AT",12232,95.9777632439503,"437-05ATSmall Sawlog"
"19",19,"437-05","B","Large Sawlog",2271,"B437-05","437-05","B",82714,2.74560533887855,"437-05BLarge Sawlog"
"20",20,"437-05","B","Small Sawlog",44075,"B437-05","437-05","B",82714,53.2860217133738,"437-05BSmall Sawlog"
"21",21,"437-05","B","Stud",36368,"B437-05","437-05","B",82714,43.9683729477477,"437-05BStud"
"22",22,"437-05","C","Large Sawlog",11832,"C437-05","437-05","C",288302,4.10402980208254,"437-05CLarge Sawlog"
"23",23,"437-05","C","Small Sawlog",276470,"C437-05","437-05","C",288302,95.8959701979175,"437-05CSmall Sawlog"
"24",24,"437-05","DF","Large Sawlog",45456,"DF437-05","437-05","DF",480131,9.46741618433303,"437-05DFLarge Sawlog"
"25",25,"437-05","DF","Small Sawlog",265135,"DF437-05","437-05","DF",480131,55.2213874963291,"437-05DFSmall Sawlog"
"26",26,"437-05","DF","Stud",169540,"DF437-05","437-05","DF",480131,35.3111963193378,"437-05DFStud"
"27",27,"437-05","EP","Large Sawlog",6,"EP437-05","437-05","EP",3111,0.192864030858245,"437-05EPLarge Sawlog"
"28",28,"437-05","EP","Small Sawlog",3105,"EP437-05","437-05","EP",3111,99.8071359691418,"437-05EPSmall Sawlog"
"29",29,"437-05","H","Small Sawlog",40,"H437-05","437-05","H",40,100,"437-05HSmall Sawlog"
"30",30,"437-05","PL","Large Sawlog",5289,"PL437-05","437-05","PL",168212,3.14424654602525,"437-05PLLarge Sawlog"
"31",31,"437-05","PL","Small Sawlog",77205,"PL437-05","437-05","PL",168212,45.8974389460918,"437-05PLSmall Sawlog"
"32",32,"437-05","PL","Stud",85718,"PL437-05","437-05","PL",168212,50.9583145078829,"437-05PLStud"
"33",33,"438-02","AT","Large Sawlog",656,"AT438-02","438-02","AT",12396,5.2920296869958,"438-02ATLarge Sawlog"
"34",34,"438-02","AT","Small Sawlog",11740,"AT438-02","438-02","AT",12396,94.7079703130042,"438-02ATSmall Sawlog"
"35",35,"438-02","B","Large Sawlog",3028,"B438-02","438-02","B",101655,2.9787024740544,"438-02BLarge Sawlog"
"36",36,"438-02","B","Small Sawlog",44075,"B438-02","438-02","B",101655,43.3574344596921,"438-02BSmall Sawlog"
"37",37,"438-02","B","Stud",54552,"B438-02","438-02","B",101655,53.6638630662535,"438-02BStud"
"38",38,"438-02","C","Large Sawlog",15776,"C438-02","438-02","C",292246,5.39819193419243,"438-02CLarge Sawlog"
"39",39,"438-02","C","Small Sawlog",276470,"C438-02","438-02","C",292246,94.6018080658076,"438-02CSmall Sawlog"
"40",40,"438-02","DF","Large Sawlog",60608,"DF438-02","438-02","DF",580053,10.4487003773793,"438-02DFLarge Sawlog"
"41",41,"438-02","DF","Small Sawlog",265135,"DF438-02","438-02","DF",580053,45.7087542000472,"438-02DFSmall Sawlog"
"42",42,"438-02","DF","Stud",254310,"DF438-02","438-02","DF",580053,43.8425454225735,"438-02DFStud"
"43",43,"438-02","EP","Large Sawlog",8,"EP438-02","438-02","EP",3113,0.256986829424992,"438-02EPLarge Sawlog"
"44",44,"438-02","EP","Small Sawlog",3105,"EP438-02","438-02","EP",3113,99.743013170575,"438-02EPSmall Sawlog"
"45",45,"438-02","H","Small Sawlog",40,"H438-02","438-02","H",40,100,"438-02HSmall Sawlog"
"46",46,"438-02","PL","Large Sawlog",7052,"PL438-02","438-02","PL",212834,3.31338038095417,"438-02PLLarge Sawlog"
"47",47,"438-02","PL","Small Sawlog",77205,"PL438-02","438-02","PL",212834,36.2747493351626,"438-02PLSmall Sawlog"
"48",48,"438-02","PL","Stud",128577,"PL438-02","438-02","PL",212834,60.4118702838832,"438-02PLStud"
"49",49,"438-03","AT","Large Sawlog",984,"AT438-03","438-03","AT",17420,5.64867967853043,"438-03ATLarge Sawlog"
"50",50,"438-03","AT","Small Sawlog",16436,"AT438-03","438-03","AT",17420,94.3513203214696,"438-03ATSmall Sawlog"
"51",51,"438-03","B","Large Sawlog",4542,"B438-03","438-03","B",120799,3.75996490037169,"438-03BLarge Sawlog"
"52",52,"438-03","B","Small Sawlog",61705,"B438-03","438-03","B",120799,51.0807208668946,"438-03BSmall Sawlog"
"53",53,"438-03","B","Stud",54552,"B438-03","438-03","B",120799,45.1593142327337,"438-03BStud"
"54",54,"438-03","C","Large Sawlog",23664,"C438-03","438-03","C",410722,5.76156134806511,"438-03CLarge Sawlog"
"55",55,"438-03","C","Small Sawlog",387058,"C438-03","438-03","C",410722,94.2384386519349,"438-03CSmall Sawlog"
"56",56,"438-03","DF","Large Sawlog",90912,"DF438-03","438-03","DF",716411,12.6899224048765,"438-03DFLarge Sawlog"
"57",57,"438-03","DF","Small Sawlog",371189,"DF438-03","438-03","DF",716411,51.8122976894548,"438-03DFSmall Sawlog"
"58",58,"438-03","DF","Stud",254310,"DF438-03","438-03","DF",716411,35.4977799056687,"438-03DFStud"
"59",59,"438-03","EP","Large Sawlog",12,"EP438-03","438-03","EP",4359,0.275292498279422,"438-03EPLarge Sawlog"
"60",60,"438-03","EP","Small Sawlog",4347,"EP438-03","438-03","EP",4359,99.7247075017206,"438-03EPSmall Sawlog"
"61",61,"438-03","H","Small Sawlog",56,"H438-03","438-03","H",56,100,"438-03HSmall Sawlog"
"62",62,"438-03","PL","Large Sawlog",10578,"PL438-03","438-03","PL",247242,4.27839930108962,"438-03PLLarge Sawlog"
"63",63,"438-03","PL","Small Sawlog",108087,"PL438-03","438-03","PL",247242,43.7170869027107,"438-03PLSmall Sawlog"
"64",64,"438-03","PL","Stud",128577,"PL438-03","438-03","PL",247242,52.0045137961997,"438-03PLStud"
"65",65,"444-01","AT","Large Sawlog",656,"AT444-01","444-01","AT",14744,4.44926749864352,"444-01ATLarge Sawlog"
"66",66,"444-01","AT","Small Sawlog",14088,"AT444-01","444-01","AT",14744,95.5507325013565,"444-01ATSmall Sawlog"
"67",67,"444-01","B","Large Sawlog",3028,"B444-01","444-01","B",110470,2.74101566036028,"444-01BLarge Sawlog"
"68",68,"444-01","B","Small Sawlog",52890,"B444-01","444-01","B",110470,47.8772517425545,"444-01BSmall Sawlog"
"69",69,"444-01","B","Stud",54552,"B444-01","444-01","B",110470,49.3817325970852,"444-01BStud"
"70",70,"444-01","C","Large Sawlog",15776,"C444-01","444-01","C",347540,4.53933360188755,"444-01CLarge Sawlog"
"71",71,"444-01","C","Small Sawlog",331764,"C444-01","444-01","C",347540,95.4606663981125,"444-01CSmall Sawlog"
"72",72,"444-01","DF","Large Sawlog",60608,"DF444-01","444-01","DF",633080,9.5735136159727,"444-01DFLarge Sawlog"
"73",73,"444-01","DF","Small Sawlog",318162,"DF444-01","444-01","DF",633080,50.2562077462564,"444-01DFSmall Sawlog"
"74",74,"444-01","DF","Stud",254310,"DF444-01","444-01","DF",633080,40.1702786377709,"444-01DFStud"
"75",75,"444-01","EP","Large Sawlog",8,"EP444-01","444-01","EP",3734,0.214247455811462,"444-01EPLarge Sawlog"
"76",76,"444-01","EP","Small Sawlog",3726,"EP444-01","444-01","EP",3734,99.7857525441885,"444-01EPSmall Sawlog"
"77",77,"444-01","H","Small Sawlog",48,"H444-01","444-01","H",48,100,"444-01HSmall Sawlog"
"78",78,"444-01","PL","Large Sawlog",7052,"PL444-01","444-01","PL",228275,3.08925637936699,"444-01PLLarge Sawlog"
"79",79,"444-01","PL","Small Sawlog",92646,"PL444-01","444-01","PL",228275,40.5852590077757,"444-01PLSmall Sawlog"
"80",80,"444-01","PL","Stud",128577,"PL444-01","444-01","PL",228275,56.3254846128573,"444-01PLStud"
"81",81,"444-02","AT","Large Sawlog",820,"AT444-02","444-02","AT",14908,5.5004024684733,"444-02ATLarge Sawlog"
"82",82,"444-02","AT","Small Sawlog",14088,"AT444-02","444-02","AT",14908,94.4995975315267,"444-02ATSmall Sawlog"
"83",83,"444-02","B","Large Sawlog",3785,"B444-02","444-02","B",111227,3.40295072239654,"444-02BLarge Sawlog"
"84",84,"444-02","B","Small Sawlog",52890,"B444-02","444-02","B",111227,47.5514038857472,"444-02BSmall Sawlog"
"85",85,"444-02","B","Stud",54552,"B444-02","444-02","B",111227,49.0456453918563,"444-02BStud"
"86",86,"444-02","C","Large Sawlog",19720,"C444-02","444-02","C",351484,5.61049720613172,"444-02CLarge Sawlog"
"87",87,"444-02","C","Small Sawlog",331764,"C444-02","444-02","C",351484,94.3895027938683,"444-02CSmall Sawlog"
"88",88,"444-02","DF","Large Sawlog",75760,"DF444-02","444-02","DF",648232,11.6871737279246,"444-02DFLarge Sawlog"
"89",89,"444-02","DF","Small Sawlog",318162,"DF444-02","444-02","DF",648232,49.0815016845821,"444-02DFSmall Sawlog"
"90",90,"444-02","DF","Stud",254310,"DF444-02","444-02","DF",648232,39.2313245874934,"444-02DFStud"
"91",91,"444-02","EP","Large Sawlog",10,"EP444-02","444-02","EP",3736,0.267665952890792,"444-02EPLarge Sawlog"
"92",92,"444-02","EP","Small Sawlog",3726,"EP444-02","444-02","EP",3736,99.7323340471092,"444-02EPSmall Sawlog"
"93",93,"444-02","H","Small Sawlog",48,"H444-02","444-02","H",48,100,"444-02HSmall Sawlog"
"94",94,"444-02","PL","Large Sawlog",8815,"PL444-02","444-02","PL",230038,3.83197558664221,"444-02PLLarge Sawlog"
"95",95,"444-02","PL","Small Sawlog",92646,"PL444-02","444-02","PL",230038,40.274215564385,"444-02PLSmall Sawlog"
"96",96,"444-02","PL","Stud",128577,"PL444-02","444-02","PL",230038,55.8938088489728,"444-02PLStud"
"97",97,"444-03","AT","Large Sawlog",656,"AT444-03","444-03","AT",10048,6.52866242038217,"444-03ATLarge Sawlog"
"98",98,"444-03","AT","Small Sawlog",9392,"AT444-03","444-03","AT",10048,93.4713375796178,"444-03ATSmall Sawlog"
"99",99,"444-03","B","Large Sawlog",3028,"B444-03","444-03","B",74656,4.05593656236605,"444-03BLarge Sawlog"
"100",100,"444-03","B","Small Sawlog",35260,"B444-03","444-03","B",74656,47.2299614230604,"444-03BSmall Sawlog"
"101",101,"444-03","B","Stud",36368,"B444-03","444-03","B",74656,48.7141020145735,"444-03BStud"
"102",102,"444-03","C","Large Sawlog",15776,"C444-03","444-03","C",236952,6.65788851750566,"444-03CLarge Sawlog"
"103",103,"444-03","C","Small Sawlog",221176,"C444-03","444-03","C",236952,93.3421114824943,"444-03CSmall Sawlog"
"104",104,"444-03","DF","Large Sawlog",60608,"DF444-03","444-03","DF",442256,13.7042798741001,"444-03DFLarge Sawlog"
"105",105,"444-03","DF","Small Sawlog",212108,"DF444-03","444-03","DF",442256,47.9604572917044,"444-03DFSmall Sawlog"
"106",106,"444-03","DF","Stud",169540,"DF444-03","444-03","DF",442256,38.3352628341956,"444-03DFStud"
"107",107,"444-03","EP","Large Sawlog",8,"EP444-03","444-03","EP",2492,0.321027287319422,"444-03EPLarge Sawlog"
"108",108,"444-03","EP","Small Sawlog",2484,"EP444-03","444-03","EP",2492,99.6789727126806,"444-03EPSmall Sawlog"
"109",109,"444-03","H","Small Sawlog",32,"H444-03","444-03","H",32,100,"444-03HSmall Sawlog"
"110",110,"444-03","PL","Large Sawlog",7052,"PL444-03","444-03","PL",154534,4.56339705178149,"444-03PLLarge Sawlog"
"111",111,"444-03","PL","Small Sawlog",61764,"PL444-03","444-03","PL",154534,39.9679035034361,"444-03PLSmall Sawlog"
"112",112,"444-03","PL","Stud",85718,"PL444-03","444-03","PL",154534,55.4686994447824,"444-03PLStud"
"113",113,"444-04","AT","Large Sawlog",656,"AT444-04","444-04","AT",12396,5.2920296869958,"444-04ATLarge Sawlog"
"114",114,"444-04","AT","Small Sawlog",11740,"AT444-04","444-04","AT",12396,94.7079703130042,"444-04ATSmall Sawlog"
"115",115,"444-04","B","Large Sawlog",3028,"B444-04","444-04","B",83471,3.6276071929173,"444-04BLarge Sawlog"
"116",116,"444-04","B","Small Sawlog",44075,"B444-04","444-04","B",83471,52.8027698242503,"444-04BSmall Sawlog"
"117",117,"444-04","B","Stud",36368,"B444-04","444-04","B",83471,43.5696229828324,"444-04BStud"
"118",118,"444-04","C","Large Sawlog",15776,"C444-04","444-04","C",292246,5.39819193419243,"444-04CLarge Sawlog"
"119",119,"444-04","C","Small Sawlog",276470,"C444-04","444-04","C",292246,94.6018080658076,"444-04CSmall Sawlog"
"120",120,"444-04","DF","Large Sawlog",60608,"DF444-04","444-04","DF",495283,12.2370442756969,"444-04DFLarge Sawlog"
"121",121,"444-04","DF","Small Sawlog",265135,"DF444-04","444-04","DF",495283,53.5320210869341,"444-04DFSmall Sawlog"
"122",122,"444-04","DF","Stud",169540,"DF444-04","444-04","DF",495283,34.2309346373689,"444-04DFStud"
"123",123,"444-04","EP","Large Sawlog",8,"EP444-04","444-04","EP",3113,0.256986829424992,"444-04EPLarge Sawlog"
"124",124,"444-04","EP","Small Sawlog",3105,"EP444-04","444-04","EP",3113,99.743013170575,"444-04EPSmall Sawlog"
"125",125,"444-04","H","Small Sawlog",40,"H444-04","444-04","H",40,100,"444-04HSmall Sawlog"
"126",126,"444-04","PL","Large Sawlog",7052,"PL444-04","444-04","PL",169975,4.14884541844389,"444-04PLLarge Sawlog"
"127",127,"444-04","PL","Small Sawlog",77205,"PL444-04","444-04","PL",169975,45.4213854978673,"444-04PLSmall Sawlog"
"128",128,"444-04","PL","Stud",85718,"PL444-04","444-04","PL",169975,50.4297690836888,"444-04PLStud"
"129",129,"444-05","AT","Large Sawlog",492,"AT444-05","444-05","AT",12232,4.0222367560497,"444-05ATLarge Sawlog"
"130",130,"444-05","AT","Small Sawlog",11740,"AT444-05","444-05","AT",12232,95.9777632439503,"444-05ATSmall Sawlog"
"131",131,"444-05","B","Large Sawlog",2271,"B444-05","444-05","B",100898,2.25078792443854,"444-05BLarge Sawlog"
"132",132,"444-05","B","Small Sawlog",44075,"B444-05","444-05","B",100898,43.6827290927471,"444-05BSmall Sawlog"
"133",133,"444-05","B","Stud",54552,"B444-05","444-05","B",100898,54.0664829828143,"444-05BStud"
"134",134,"444-05","C","Large Sawlog",11832,"C444-05","444-05","C",288302,4.10402980208254,"444-05CLarge Sawlog"
"135",135,"444-05","C","Small Sawlog",276470,"C444-05","444-05","C",288302,95.8959701979175,"444-05CSmall Sawlog"
"136",136,"444-05","DF","Large Sawlog",45456,"DF444-05","444-05","DF",564901,8.04671969070687,"444-05DFLarge Sawlog"
"137",137,"444-05","DF","Small Sawlog",265135,"DF444-05","444-05","DF",564901,46.9347726415779,"444-05DFSmall Sawlog"
"138",138,"444-05","DF","Stud",254310,"DF444-05","444-05","DF",564901,45.0185076677152,"444-05DFStud"
"139",139,"444-05","EP","Large Sawlog",6,"EP444-05","444-05","EP",3111,0.192864030858245,"444-05EPLarge Sawlog"
"140",140,"444-05","EP","Small Sawlog",3105,"EP444-05","444-05","EP",3111,99.8071359691418,"444-05EPSmall Sawlog"
"141",141,"444-05","H","Small Sawlog",40,"H444-05","444-05","H",40,100,"444-05HSmall Sawlog"
"142",142,"444-05","PL","Large Sawlog",5289,"PL444-05","444-05","PL",211071,2.50579188993277,"444-05PLLarge Sawlog"
"143",143,"444-05","PL","Small Sawlog",77205,"PL444-05","444-05","PL",211071,36.5777392441406,"444-05PLSmall Sawlog"
"144",144,"444-05","PL","Stud",128577,"PL444-05","444-05","PL",211071,60.9164688659266,"444-05PLStud"
"145",145,"444-06","AT","Large Sawlog",492,"AT444-06","444-06","AT",7536,6.52866242038217,"444-06ATLarge Sawlog"
"146",146,"444-06","AT","Small Sawlog",7044,"AT444-06","444-06","AT",7536,93.4713375796178,"444-06ATSmall Sawlog"
"147",147,"444-06","B","Large Sawlog",2271,"B444-06","444-06","B",65084,3.48933685698482,"444-06BLarge Sawlog"
"148",148,"444-06","B","Small Sawlog",26445,"B444-06","444-06","B",65084,40.6321062012169,"444-06BSmall Sawlog"
"149",149,"444-06","B","Stud",36368,"B444-06","444-06","B",65084,55.8785569417983,"444-06BStud"
"150",150,"444-06","C","Large Sawlog",11832,"C444-06","444-06","C",177714,6.65788851750566,"444-06CLarge Sawlog"
"151",151,"444-06","C","Small Sawlog",165882,"C444-06","444-06","C",177714,93.3421114824943,"444-06CSmall Sawlog"
"152",152,"444-06","DF","Large Sawlog",45456,"DF444-06","444-06","DF",374077,12.1515089139402,"444-06DFLarge Sawlog"
"153",153,"444-06","DF","Small Sawlog",159081,"DF444-06","444-06","DF",374077,42.5262713291648,"444-06DFSmall Sawlog"
"154",154,"444-06","DF","Stud",169540,"DF444-06","444-06","DF",374077,45.322219756895,"444-06DFStud"
"155",155,"444-06","EP","Large Sawlog",6,"EP444-06","444-06","EP",1869,0.321027287319422,"444-06EPLarge Sawlog"
"156",156,"444-06","EP","Small Sawlog",1863,"EP444-06","444-06","EP",1869,99.6789727126806,"444-06EPSmall Sawlog"
"157",157,"444-06","H","Small Sawlog",24,"H444-06","444-06","H",24,100,"444-06HSmall Sawlog"
"158",158,"444-06","PL","Large Sawlog",5289,"PL444-06","444-06","PL",137330,3.85130707055997,"444-06PLLarge Sawlog"
"159",159,"444-06","PL","Small Sawlog",46323,"PL444-06","444-06","PL",137330,33.7311585232651,"444-06PLSmall Sawlog"
"160",160,"444-06","PL","Stud",85718,"PL444-06","444-06","PL",137330,62.4175344061749,"444-06PLStud"
"161",161,"444-07","AT","Large Sawlog",492,"AT444-07","444-07","AT",12232,4.0222367560497,"444-07ATLarge Sawlog"
"162",162,"444-07","AT","Small Sawlog",11740,"AT444-07","444-07","AT",12232,95.9777632439503,"444-07ATSmall Sawlog"
"163",163,"444-07","B","Large Sawlog",2271,"B444-07","444-07","B",100898,2.25078792443854,"444-07BLarge Sawlog"
"164",164,"444-07","B","Small Sawlog",44075,"B444-07","444-07","B",100898,43.6827290927471,"444-07BSmall Sawlog"
"165",165,"444-07","B","Stud",54552,"B444-07","444-07","B",100898,54.0664829828143,"444-07BStud"
"166",166,"444-07","C","Large Sawlog",11832,"C444-07","444-07","C",288302,4.10402980208254,"444-07CLarge Sawlog"
"167",167,"444-07","C","Small Sawlog",276470,"C444-07","444-07","C",288302,95.8959701979175,"444-07CSmall Sawlog"
"168",168,"444-07","DF","Large Sawlog",45456,"DF444-07","444-07","DF",564901,8.04671969070687,"444-07DFLarge Sawlog"
"169",169,"444-07","DF","Small Sawlog",265135,"DF444-07","444-07","DF",564901,46.9347726415779,"444-07DFSmall Sawlog"
"170",170,"444-07","DF","Stud",254310,"DF444-07","444-07","DF",564901,45.0185076677152,"444-07DFStud"
"171",171,"444-07","EP","Large Sawlog",6,"EP444-07","444-07","EP",3111,0.192864030858245,"444-07EPLarge Sawlog"
"172",172,"444-07","EP","Small Sawlog",3105,"EP444-07","444-07","EP",3111,99.8071359691418,"444-07EPSmall Sawlog"
"173",173,"444-07","H","Small Sawlog",40,"H444-07","444-07","H",40,100,"444-07HSmall Sawlog"
"174",174,"444-07","PL","Large Sawlog",5289,"PL444-07","444-07","PL",211071,2.50579188993277,"444-07PLLarge Sawlog"
"175",175,"444-07","PL","Small Sawlog",77205,"PL444-07","444-07","PL",211071,36.5777392441406,"444-07PLSmall Sawlog"
"176",176,"444-07","PL","Stud",128577,"PL444-07","444-07","PL",211071,60.9164688659266,"444-07PLStud"
"177",177,"444-09","AT","Large Sawlog",820,"AT444-09","444-09","AT",12560,6.52866242038217,"444-09ATLarge Sawlog"
"178",178,"444-09","AT","Small Sawlog",11740,"AT444-09","444-09","AT",12560,93.4713375796178,"444-09ATSmall Sawlog"
"179",179,"444-09","B","Large Sawlog",3785,"B444-09","444-09","B",102412,3.69585595438035,"444-09BLarge Sawlog"
"180",180,"444-09","B","Small Sawlog",44075,"B444-09","444-09","B",102412,43.0369487950631,"444-09BSmall Sawlog"
"181",181,"444-09","B","Stud",54552,"B444-09","444-09","B",102412,53.2671952505566,"444-09BStud"
"182",182,"444-09","C","Large Sawlog",19720,"C444-09","444-09","C",296190,6.65788851750566,"444-09CLarge Sawlog"
"183",183,"444-09","C","Small Sawlog",276470,"C444-09","444-09","C",296190,93.3421114824943,"444-09CSmall Sawlog"
"184",184,"444-09","DF","Large Sawlog",75760,"DF444-09","444-09","DF",595205,12.728387698356,"444-09DFLarge Sawlog"
"185",185,"444-09","DF","Small Sawlog",265135,"DF444-09","444-09","DF",595205,44.5451567107131,"444-09DFSmall Sawlog"
"186",186,"444-09","DF","Stud",254310,"DF444-09","444-09","DF",595205,42.7264555909309,"444-09DFStud"
"187",187,"444-09","EP","Large Sawlog",10,"EP444-09","444-09","EP",3115,0.321027287319422,"444-09EPLarge Sawlog"
"188",188,"444-09","EP","Small Sawlog",3105,"EP444-09","444-09","EP",3115,99.6789727126806,"444-09EPSmall Sawlog"
"189",189,"444-09","H","Small Sawlog",40,"H444-09","444-09","H",40,100,"444-09HSmall Sawlog"
"190",190,"444-09","PL","Large Sawlog",8815,"PL444-09","444-09","PL",214597,4.10769954845594,"444-09PLLarge Sawlog"
"191",191,"444-09","PL","Small Sawlog",77205,"PL444-09","444-09","PL",214597,35.9767377922338,"444-09PLSmall Sawlog"
"192",192,"444-09","PL","Stud",128577,"PL444-09","444-09","PL",214597,59.9155626593102,"444-09PLStud"
"193",193,"444-10","AT","Large Sawlog",820,"AT444-10","444-10","AT",12560,6.52866242038217,"444-10ATLarge Sawlog"
"194",194,"444-10","AT","Small Sawlog",11740,"AT444-10","444-10","AT",12560,93.4713375796178,"444-10ATSmall Sawlog"
"195",195,"444-10","B","Large Sawlog",3785,"B444-10","444-10","B",102412,3.69585595438035,"444-10BLarge Sawlog"
"196",196,"444-10","B","Small Sawlog",44075,"B444-10","444-10","B",102412,43.0369487950631,"444-10BSmall Sawlog"
"197",197,"444-10","B","Stud",54552,"B444-10","444-10","B",102412,53.2671952505566,"444-10BStud"
"198",198,"444-10","C","Large Sawlog",19720,"C444-10","444-10","C",296190,6.65788851750566,"444-10CLarge Sawlog"
"199",199,"444-10","C","Small Sawlog",276470,"C444-10","444-10","C",296190,93.3421114824943,"444-10CSmall Sawlog"
"200",200,"444-10","DF","Large Sawlog",75760,"DF444-10","444-10","DF",595205,12.728387698356,"444-10DFLarge Sawlog"
"201",201,"444-10","DF","Small Sawlog",265135,"DF444-10","444-10","DF",595205,44.5451567107131,"444-10DFSmall Sawlog"
"202",202,"444-10","DF","Stud",254310,"DF444-10","444-10","DF",595205,42.7264555909309,"444-10DFStud"
"203",203,"444-10","EP","Large Sawlog",10,"EP444-10","444-10","EP",3115,0.321027287319422,"444-10EPLarge Sawlog"
"204",204,"444-10","EP","Small Sawlog",3105,"EP444-10","444-10","EP",3115,99.6789727126806,"444-10EPSmall Sawlog"
"205",205,"444-10","H","Small Sawlog",40,"H444-10","444-10","H",40,100,"444-10HSmall Sawlog"
"206",206,"444-10","PL","Large Sawlog",8815,"PL444-10","444-10","PL",214597,4.10769954845594,"444-10PLLarge Sawlog"
"207",207,"444-10","PL","Small Sawlog",77205,"PL444-10","444-10","PL",214597,35.9767377922338,"444-10PLSmall Sawlog"
"208",208,"444-10","PL","Stud",128577,"PL444-10","444-10","PL",214597,59.9155626593102,"444-10PLStud"
"209",209,"450-01","AT","Large Sawlog",492,"AT450-01","450-01","AT",9884,4.97774180493727,"450-01ATLarge Sawlog"
"210",210,"450-01","AT","Small Sawlog",9392,"AT450-01","450-01","AT",9884,95.0222581950627,"450-01ATSmall Sawlog"
"211",211,"450-01","B","Large Sawlog",2271,"B450-01","450-01","B",92083,2.46625327150505,"450-01BLarge Sawlog"
"212",212,"450-01","B","Small Sawlog",35260,"B450-01","450-01","B",92083,38.2915413268464,"450-01BSmall Sawlog"
"213",213,"450-01","B","Stud",54552,"B450-01","450-01","B",92083,59.2422054016485,"450-01BStud"
"214",214,"450-01","C","Large Sawlog",11832,"C450-01","450-01","C",233008,5.07793723820641,"450-01CLarge Sawlog"
"215",215,"450-01","C","Small Sawlog",221176,"C450-01","450-01","C",233008,94.9220627617936,"450-01CSmall Sawlog"
"216",216,"450-01","DF","Large Sawlog",45456,"DF450-01","450-01","DF",511874,8.88031038888476,"450-01DFLarge Sawlog"
"217",217,"450-01","DF","Small Sawlog",212108,"DF450-01","450-01","DF",511874,41.4375412699219,"450-01DFSmall Sawlog"
"218",218,"450-01","DF","Stud",254310,"DF450-01","450-01","DF",511874,49.6821483411933,"450-01DFStud"
"219",219,"450-01","EP","Large Sawlog",6,"EP450-01","450-01","EP",2490,0.240963855421687,"450-01EPLarge Sawlog"
"220",220,"450-01","EP","Small Sawlog",2484,"EP450-01","450-01","EP",2490,99.7590361445783,"450-01EPSmall Sawlog"
"221",221,"450-01","H","Small Sawlog",32,"H450-01","450-01","H",32,100,"450-01HSmall Sawlog"
"222",222,"450-01","PL","Large Sawlog",5289,"PL450-01","450-01","PL",195630,2.70357307161478,"450-01PLLarge Sawlog"
"223",223,"450-01","PL","Small Sawlog",61764,"PL450-01","450-01","PL",195630,31.5718448090784,"450-01PLSmall Sawlog"
"224",224,"450-01","PL","Stud",128577,"PL450-01","450-01","PL",195630,65.7245821193068,"450-01PLStud"
"225",225,"450-02","AT","Large Sawlog",656,"AT450-02","450-02","AT",14744,4.44926749864352,"450-02ATLarge Sawlog"
"226",226,"450-02","AT","Small Sawlog",14088,"AT450-02","450-02","AT",14744,95.5507325013565,"450-02ATSmall Sawlog"
"227",227,"450-02","B","Large Sawlog",3028,"B450-02","450-02","B",110470,2.74101566036028,"450-02BLarge Sawlog"
"228",228,"450-02","B","Small Sawlog",52890,"B450-02","450-02","B",110470,47.8772517425545,"450-02BSmall Sawlog"
"229",229,"450-02","B","Stud",54552,"B450-02","450-02","B",110470,49.3817325970852,"450-02BStud"
"230",230,"450-02","C","Large Sawlog",15776,"C450-02","450-02","C",347540,4.53933360188755,"450-02CLarge Sawlog"
"231",231,"450-02","C","Small Sawlog",331764,"C450-02","450-02","C",347540,95.4606663981125,"450-02CSmall Sawlog"
"232",232,"450-02","DF","Large Sawlog",60608,"DF450-02","450-02","DF",633080,9.5735136159727,"450-02DFLarge Sawlog"
"233",233,"450-02","DF","Small Sawlog",318162,"DF450-02","450-02","DF",633080,50.2562077462564,"450-02DFSmall Sawlog"
"234",234,"450-02","DF","Stud",254310,"DF450-02","450-02","DF",633080,40.1702786377709,"450-02DFStud"
"235",235,"450-02","EP","Large Sawlog",8,"EP450-02","450-02","EP",3734,0.214247455811462,"450-02EPLarge Sawlog"
"236",236,"450-02","EP","Small Sawlog",3726,"EP450-02","450-02","EP",3734,99.7857525441885,"450-02EPSmall Sawlog"
"237",237,"450-02","H","Small Sawlog",48,"H450-02","450-02","H",48,100,"450-02HSmall Sawlog"
"238",238,"450-02","PL","Large Sawlog",7052,"PL450-02","450-02","PL",228275,3.08925637936699,"450-02PLLarge Sawlog"
"239",239,"450-02","PL","Small Sawlog",92646,"PL450-02","450-02","PL",228275,40.5852590077757,"450-02PLSmall Sawlog"
"240",240,"450-02","PL","Stud",128577,"PL450-02","450-02","PL",228275,56.3254846128573,"450-02PLStud"
"241",241,"450-03","AT","Large Sawlog",492,"AT450-03","450-03","AT",7536,6.52866242038217,"450-03ATLarge Sawlog"
"242",242,"450-03","AT","Small Sawlog",7044,"AT450-03","450-03","AT",7536,93.4713375796178,"450-03ATSmall Sawlog"
"243",243,"450-03","B","Large Sawlog",2271,"B450-03","450-03","B",83268,2.72733823317481,"450-03BLarge Sawlog"
"244",244,"450-03","B","Small Sawlog",26445,"B450-03","450-03","B",83268,31.7588989767978,"450-03BSmall Sawlog"
"245",245,"450-03","B","Stud",54552,"B450-03","450-03","B",83268,65.5137627900274,"450-03BStud"
"246",246,"450-03","C","Large Sawlog",11832,"C450-03","450-03","C",177714,6.65788851750566,"450-03CLarge Sawlog"
"247",247,"450-03","C","Small Sawlog",165882,"C450-03","450-03","C",177714,93.3421114824943,"450-03CSmall Sawlog"
"248",248,"450-03","DF","Large Sawlog",45456,"DF450-03","450-03","DF",458847,9.90657016391085,"450-03DFLarge Sawlog"
"249",249,"450-03","DF","Small Sawlog",159081,"DF450-03","450-03","DF",458847,34.6697265101439,"450-03DFSmall Sawlog"
"250",250,"450-03","DF","Stud",254310,"DF450-03","450-03","DF",458847,55.4237033259452,"450-03DFStud"
"251",251,"450-03","EP","Large Sawlog",6,"EP450-03","450-03","EP",1869,0.321027287319422,"450-03EPLarge Sawlog"
"252",252,"450-03","EP","Small Sawlog",1863,"EP450-03","450-03","EP",1869,99.6789727126806,"450-03EPSmall Sawlog"
"253",253,"450-03","H","Small Sawlog",24,"H450-03","450-03","H",24,100,"450-03HSmall Sawlog"
"254",254,"450-03","PL","Large Sawlog",5289,"PL450-03","450-03","PL",180189,2.93525131944791,"450-03PLLarge Sawlog"
"255",255,"450-03","PL","Small Sawlog",46323,"PL450-03","450-03","PL",180189,25.7080065930773,"450-03PLSmall Sawlog"
"256",256,"450-03","PL","Stud",128577,"PL450-03","450-03","PL",180189,71.3567420874748,"450-03PLStud"
"257",257,"450-04","AT","Large Sawlog",656,"AT450-04","450-04","AT",12396,5.2920296869958,"450-04ATLarge Sawlog"
"258",258,"450-04","AT","Small Sawlog",11740,"AT450-04","450-04","AT",12396,94.7079703130042,"450-04ATSmall Sawlog"
"259",259,"450-04","B","Large Sawlog",3028,"B450-04","450-04","B",101655,2.9787024740544,"450-04BLarge Sawlog"
"260",260,"450-04","B","Small Sawlog",44075,"B450-04","450-04","B",101655,43.3574344596921,"450-04BSmall Sawlog"
"261",261,"450-04","B","Stud",54552,"B450-04","450-04","B",101655,53.6638630662535,"450-04BStud"
"262",262,"450-04","C","Large Sawlog",15776,"C450-04","450-04","C",292246,5.39819193419243,"450-04CLarge Sawlog"
"263",263,"450-04","C","Small Sawlog",276470,"C450-04","450-04","C",292246,94.6018080658076,"450-04CSmall Sawlog"
"264",264,"450-04","DF","Large Sawlog",60608,"DF450-04","450-04","DF",580053,10.4487003773793,"450-04DFLarge Sawlog"
"265",265,"450-04","DF","Small Sawlog",265135,"DF450-04","450-04","DF",580053,45.7087542000472,"450-04DFSmall Sawlog"
"266",266,"450-04","DF","Stud",254310,"DF450-04","450-04","DF",580053,43.8425454225735,"450-04DFStud"
"267",267,"450-04","EP","Large Sawlog",8,"EP450-04","450-04","EP",3113,0.256986829424992,"450-04EPLarge Sawlog"
"268",268,"450-04","EP","Small Sawlog",3105,"EP450-04","450-04","EP",3113,99.743013170575,"450-04EPSmall Sawlog"
"269",269,"450-04","H","Small Sawlog",40,"H450-04","450-04","H",40,100,"450-04HSmall Sawlog"
"270",270,"450-04","PL","Large Sawlog",7052,"PL450-04","450-04","PL",212834,3.31338038095417,"450-04PLLarge Sawlog"
"271",271,"450-04","PL","Small Sawlog",77205,"PL450-04","450-04","PL",212834,36.2747493351626,"450-04PLSmall Sawlog"
"272",272,"450-04","PL","Stud",128577,"PL450-04","450-04","PL",212834,60.4118702838832,"450-04PLStud"
"273",273,"450-05","AT","Large Sawlog",492,"AT450-05","450-05","AT",9884,4.97774180493727,"450-05ATLarge Sawlog"
"274",274,"450-05","AT","Small Sawlog",9392,"AT450-05","450-05","AT",9884,95.0222581950627,"450-05ATSmall Sawlog"
"275",275,"450-05","B","Large Sawlog",2271,"B450-05","450-05","B",73899,3.07311330329233,"450-05BLarge Sawlog"
"276",276,"450-05","B","Small Sawlog",35260,"B450-05","450-05","B",73899,47.7137714989377,"450-05BSmall Sawlog"
"277",277,"450-05","B","Stud",36368,"B450-05","450-05","B",73899,49.2131151977699,"450-05BStud"
"278",278,"450-05","C","Large Sawlog",11832,"C450-05","450-05","C",233008,5.07793723820641,"450-05CLarge Sawlog"
"279",279,"450-05","C","Small Sawlog",221176,"C450-05","450-05","C",233008,94.9220627617936,"450-05CSmall Sawlog"
"280",280,"450-05","DF","Large Sawlog",45456,"DF450-05","450-05","DF",427104,10.6428410878849,"450-05DFLarge Sawlog"
"281",281,"450-05","DF","Small Sawlog",212108,"DF450-05","450-05","DF",427104,49.6619090432307,"450-05DFSmall Sawlog"
"282",282,"450-05","DF","Stud",169540,"DF450-05","450-05","DF",427104,39.6952498688844,"450-05DFStud"
"283",283,"450-05","EP","Large Sawlog",6,"EP450-05","450-05","EP",2490,0.240963855421687,"450-05EPLarge Sawlog"
"284",284,"450-05","EP","Small Sawlog",2484,"EP450-05","450-05","EP",2490,99.7590361445783,"450-05EPSmall Sawlog"
"285",285,"450-05","H","Small Sawlog",32,"H450-05","450-05","H",32,100,"450-05HSmall Sawlog"
"286",286,"450-05","PL","Large Sawlog",5289,"PL450-05","450-05","PL",152771,3.46204449797409,"450-05PLLarge Sawlog"
"287",287,"450-05","PL","Small Sawlog",61764,"PL450-05","450-05","PL",152771,40.4291390381682,"450-05PLSmall Sawlog"
"288",288,"450-05","PL","Stud",85718,"PL450-05","450-05","PL",152771,56.1088164638577,"450-05PLStud"
"289",289,"450-07","AT","Large Sawlog",656,"AT450-07","450-07","AT",14744,4.44926749864352,"450-07ATLarge Sawlog"
"290",290,"450-07","AT","Small Sawlog",14088,"AT450-07","450-07","AT",14744,95.5507325013565,"450-07ATSmall Sawlog"
"291",291,"450-07","B","Large Sawlog",3028,"B450-07","450-07","B",110470,2.74101566036028,"450-07BLarge Sawlog"
"292",292,"450-07","B","Small Sawlog",52890,"B450-07","450-07","B",110470,47.8772517425545,"450-07BSmall Sawlog"
"293",293,"450-07","B","Stud",54552,"B450-07","450-07","B",110470,49.3817325970852,"450-07BStud"
"294",294,"450-07","C","Large Sawlog",15776,"C450-07","450-07","C",347540,4.53933360188755,"450-07CLarge Sawlog"
"295",295,"450-07","C","Small Sawlog",331764,"C450-07","450-07","C",347540,95.4606663981125,"450-07CSmall Sawlog"
"296",296,"450-07","DF","Large Sawlog",60608,"DF450-07","450-07","DF",633080,9.5735136159727,"450-07DFLarge Sawlog"
"297",297,"450-07","DF","Small Sawlog",318162,"DF450-07","450-07","DF",633080,50.2562077462564,"450-07DFSmall Sawlog"
"298",298,"450-07","DF","Stud",254310,"DF450-07","450-07","DF",633080,40.1702786377709,"450-07DFStud"
"299",299,"450-07","EP","Large Sawlog",8,"EP450-07","450-07","EP",3734,0.214247455811462,"450-07EPLarge Sawlog"
"300",300,"450-07","EP","Small Sawlog",3726,"EP450-07","450-07","EP",3734,99.7857525441885,"450-07EPSmall Sawlog"
"301",301,"450-07","H","Small Sawlog",48,"H450-07","450-07","H",48,100,"450-07HSmall Sawlog"
"302",302,"450-07","PL","Large Sawlog",7052,"PL450-07","450-07","PL",228275,3.08925637936699,"450-07PLLarge Sawlog"
"303",303,"450-07","PL","Small Sawlog",92646,"PL450-07","450-07","PL",228275,40.5852590077757,"450-07PLSmall Sawlog"
"304",304,"450-07","PL","Stud",128577,"PL450-07","450-07","PL",228275,56.3254846128573,"450-07PLStud"
"305",305,"450-08","AT","Large Sawlog",656,"AT450-08","450-08","AT",12396,5.2920296869958,"450-08ATLarge Sawlog"
"306",306,"450-08","AT","Small Sawlog",11740,"AT450-08","450-08","AT",12396,94.7079703130042,"450-08ATSmall Sawlog"
"307",307,"450-08","B","Large Sawlog",3028,"B450-08","450-08","B",83471,3.6276071929173,"450-08BLarge Sawlog"
"308",308,"450-08","B","Small Sawlog",44075,"B450-08","450-08","B",83471,52.8027698242503,"450-08BSmall Sawlog"
"309",309,"450-08","B","Stud",36368,"B450-08","450-08","B",83471,43.5696229828324,"450-08BStud"
"310",310,"450-08","C","Large Sawlog",15776,"C450-08","450-08","C",292246,5.39819193419243,"450-08CLarge Sawlog"
"311",311,"450-08","C","Small Sawlog",276470,"C450-08","450-08","C",292246,94.6018080658076,"450-08CSmall Sawlog"
"312",312,"450-08","DF","Large Sawlog",60608,"DF450-08","450-08","DF",495283,12.2370442756969,"450-08DFLarge Sawlog"
"313",313,"450-08","DF","Small Sawlog",265135,"DF450-08","450-08","DF",495283,53.5320210869341,"450-08DFSmall Sawlog"
"314",314,"450-08","DF","Stud",169540,"DF450-08","450-08","DF",495283,34.2309346373689,"450-08DFStud"
"315",315,"450-08","EP","Large Sawlog",8,"EP450-08","450-08","EP",3113,0.256986829424992,"450-08EPLarge Sawlog"
"316",316,"450-08","EP","Small Sawlog",3105,"EP450-08","450-08","EP",3113,99.743013170575,"450-08EPSmall Sawlog"
"317",317,"450-08","H","Small Sawlog",40,"H450-08","450-08","H",40,100,"450-08HSmall Sawlog"
"318",318,"450-08","PL","Large Sawlog",7052,"PL450-08","450-08","PL",169975,4.14884541844389,"450-08PLLarge Sawlog"
"319",319,"450-08","PL","Small Sawlog",77205,"PL450-08","450-08","PL",169975,45.4213854978673,"450-08PLSmall Sawlog"
"320",320,"450-08","PL","Stud",85718,"PL450-08","450-08","PL",169975,50.4297690836888,"450-08PLStud"
"321",321,"450-09","AT","Large Sawlog",492,"AT450-09","450-09","AT",7536,6.52866242038217,"450-09ATLarge Sawlog"
"322",322,"450-09","AT","Small Sawlog",7044,"AT450-09","450-09","AT",7536,93.4713375796178,"450-09ATSmall Sawlog"
"323",323,"450-09","B","Large Sawlog",2271,"B450-09","450-09","B",65084,3.48933685698482,"450-09BLarge Sawlog"
"324",324,"450-09","B","Small Sawlog",26445,"B450-09","450-09","B",65084,40.6321062012169,"450-09BSmall Sawlog"
"325",325,"450-09","B","Stud",36368,"B450-09","450-09","B",65084,55.8785569417983,"450-09BStud"
"326",326,"450-09","C","Large Sawlog",11832,"C450-09","450-09","C",177714,6.65788851750566,"450-09CLarge Sawlog"
"327",327,"450-09","C","Small Sawlog",165882,"C450-09","450-09","C",177714,93.3421114824943,"450-09CSmall Sawlog"
"328",328,"450-09","DF","Large Sawlog",45456,"DF450-09","450-09","DF",374077,12.1515089139402,"450-09DFLarge Sawlog"
"329",329,"450-09","DF","Small Sawlog",159081,"DF450-09","450-09","DF",374077,42.5262713291648,"450-09DFSmall Sawlog"
"330",330,"450-09","DF","Stud",169540,"DF450-09","450-09","DF",374077,45.322219756895,"450-09DFStud"
"331",331,"450-09","EP","Large Sawlog",6,"EP450-09","450-09","EP",1869,0.321027287319422,"450-09EPLarge Sawlog"
"332",332,"450-09","EP","Small Sawlog",1863,"EP450-09","450-09","EP",1869,99.6789727126806,"450-09EPSmall Sawlog"
"333",333,"450-09","H","Small Sawlog",24,"H450-09","450-09","H",24,100,"450-09HSmall Sawlog"
"334",334,"450-09","PL","Large Sawlog",5289,"PL450-09","450-09","PL",137330,3.85130707055997,"450-09PLLarge Sawlog"
"335",335,"450-09","PL","Small Sawlog",46323,"PL450-09","450-09","PL",137330,33.7311585232651,"450-09PLSmall Sawlog"
"336",336,"450-09","PL","Stud",85718,"PL450-09","450-09","PL",137330,62.4175344061749,"450-09PLStud"
"337",337,"450-24","AT","Large Sawlog",656,"AT450-24","450-24","AT",12396,5.2920296869958,"450-24ATLarge Sawlog"
"338",338,"450-24","AT","Small Sawlog",11740,"AT450-24","450-24","AT",12396,94.7079703130042,"450-24ATSmall Sawlog"
"339",339,"450-24","B","Large Sawlog",3028,"B450-24","450-24","B",101655,2.9787024740544,"450-24BLarge Sawlog"
"340",340,"450-24","B","Small Sawlog",44075,"B450-24","450-24","B",101655,43.3574344596921,"450-24BSmall Sawlog"
"341",341,"450-24","B","Stud",54552,"B450-24","450-24","B",101655,53.6638630662535,"450-24BStud"
"342",342,"450-24","C","Large Sawlog",15776,"C450-24","450-24","C",292246,5.39819193419243,"450-24CLarge Sawlog"
"343",343,"450-24","C","Small Sawlog",276470,"C450-24","450-24","C",292246,94.6018080658076,"450-24CSmall Sawlog"
"344",344,"450-24","DF","Large Sawlog",60608,"DF450-24","450-24","DF",580053,10.4487003773793,"450-24DFLarge Sawlog"
"345",345,"450-24","DF","Small Sawlog",265135,"DF450-24","450-24","DF",580053,45.7087542000472,"450-24DFSmall Sawlog"
"346",346,"450-24","DF","Stud",254310,"DF450-24","450-24","DF",580053,43.8425454225735,"450-24DFStud"
"347",347,"450-24","EP","Large Sawlog",8,"EP450-24","450-24","EP",3113,0.256986829424992,"450-24EPLarge Sawlog"
"348",348,"450-24","EP","Small Sawlog",3105,"EP450-24","450-24","EP",3113,99.743013170575,"450-24EPSmall Sawlog"
"349",349,"450-24","H","Small Sawlog",40,"H450-24","450-24","H",40,100,"450-24HSmall Sawlog"
"350",350,"450-24","PL","Large Sawlog",7052,"PL450-24","450-24","PL",212834,3.31338038095417,"450-24PLLarge Sawlog"
"351",351,"450-24","PL","Small Sawlog",77205,"PL450-24","450-24","PL",212834,36.2747493351626,"450-24PLSmall Sawlog"
"352",352,"450-24","PL","Stud",128577,"PL450-24","450-24","PL",212834,60.4118702838832,"450-24PLStud"
"353",353,"475-02","AT","Large Sawlog",820,"AT475-02","475-02","AT",14908,5.5004024684733,"475-02ATLarge Sawlog"
"354",354,"475-02","AT","Small Sawlog",14088,"AT475-02","475-02","AT",14908,94.4995975315267,"475-02ATSmall Sawlog"
"355",355,"475-02","B","Large Sawlog",3785,"B475-02","475-02","B",111227,3.40295072239654,"475-02BLarge Sawlog"
"356",356,"475-02","B","Small Sawlog",52890,"B475-02","475-02","B",111227,47.5514038857472,"475-02BSmall Sawlog"
"357",357,"475-02","B","Stud",54552,"B475-02","475-02","B",111227,49.0456453918563,"475-02BStud"
"358",358,"475-02","C","Large Sawlog",19720,"C475-02","475-02","C",351484,5.61049720613172,"475-02CLarge Sawlog"
"359",359,"475-02","C","Small Sawlog",331764,"C475-02","475-02","C",351484,94.3895027938683,"475-02CSmall Sawlog"
"360",360,"475-02","DF","Large Sawlog",75760,"DF475-02","475-02","DF",648232,11.6871737279246,"475-02DFLarge Sawlog"
"361",361,"475-02","DF","Small Sawlog",318162,"DF475-02","475-02","DF",648232,49.0815016845821,"475-02DFSmall Sawlog"
"362",362,"475-02","DF","Stud",254310,"DF475-02","475-02","DF",648232,39.2313245874934,"475-02DFStud"
"363",363,"475-02","EP","Large Sawlog",10,"EP475-02","475-02","EP",3736,0.267665952890792,"475-02EPLarge Sawlog"
"364",364,"475-02","EP","Small Sawlog",3726,"EP475-02","475-02","EP",3736,99.7323340471092,"475-02EPSmall Sawlog"
"365",365,"475-02","H","Small Sawlog",48,"H475-02","475-02","H",48,100,"475-02HSmall Sawlog"
"366",366,"475-02","PL","Large Sawlog",8815,"PL475-02","475-02","PL",230038,3.83197558664221,"475-02PLLarge Sawlog"
"367",367,"475-02","PL","Small Sawlog",92646,"PL475-02","475-02","PL",230038,40.274215564385,"475-02PLSmall Sawlog"
"368",368,"475-02","PL","Stud",128577,"PL475-02","475-02","PL",230038,55.8938088489728,"475-02PLStud"
"369",369,"475-03","AT","Large Sawlog",492,"AT475-03","475-03","AT",14580,3.37448559670782,"475-03ATLarge Sawlog"
"370",370,"475-03","AT","Small Sawlog",14088,"AT475-03","475-03","AT",14580,96.6255144032922,"475-03ATSmall Sawlog"
"371",371,"475-03","B","Large Sawlog",2271,"B475-03","475-03","B",109713,2.06994613218124,"475-03BLarge Sawlog"
"372",372,"475-03","B","Small Sawlog",52890,"B475-03","475-03","B",109713,48.2075961827678,"475-03BSmall Sawlog"
"373",373,"475-03","B","Stud",54552,"B475-03","475-03","B",109713,49.722457685051,"475-03BStud"
"374",374,"475-03","C","Large Sawlog",11832,"C475-03","475-03","C",343596,3.44357908706737,"475-03CLarge Sawlog"
"375",375,"475-03","C","Small Sawlog",331764,"C475-03","475-03","C",343596,96.5564209129326,"475-03CSmall Sawlog"
"376",376,"475-03","DF","Large Sawlog",45456,"DF475-03","475-03","DF",617928,7.35619683846662,"475-03DFLarge Sawlog"
"377",377,"475-03","DF","Small Sawlog",318162,"DF475-03","475-03","DF",617928,51.4885229347108,"475-03DFSmall Sawlog"
"378",378,"475-03","DF","Stud",254310,"DF475-03","475-03","DF",617928,41.1552802268225,"475-03DFStud"
"379",379,"475-03","EP","Large Sawlog",6,"EP475-03","475-03","EP",3732,0.160771704180064,"475-03EPLarge Sawlog"
"380",380,"475-03","EP","Small Sawlog",3726,"EP475-03","475-03","EP",3732,99.8392282958199,"475-03EPSmall Sawlog"
"381",381,"475-03","H","Small Sawlog",48,"H475-03","475-03","H",48,100,"475-03HSmall Sawlog"
"382",382,"475-03","PL","Large Sawlog",5289,"PL475-03","475-03","PL",226512,2.33497563043018,"475-03PLLarge Sawlog"
"383",383,"475-03","PL","Small Sawlog",92646,"PL475-03","475-03","PL",226512,40.9011443102352,"475-03PLSmall Sawlog"
"384",384,"475-03","PL","Stud",128577,"PL475-03","475-03","PL",226512,56.7638800593346,"475-03PLStud"
"385",385,"475-04","AT","Large Sawlog",492,"AT475-04","475-04","AT",12232,4.0222367560497,"475-04ATLarge Sawlog"
"386",386,"475-04","AT","Small Sawlog",11740,"AT475-04","475-04","AT",12232,95.9777632439503,"475-04ATSmall Sawlog"
"387",387,"475-04","B","Large Sawlog",2271,"B475-04","475-04","B",82714,2.74560533887855,"475-04BLarge Sawlog"
"388",388,"475-04","B","Small Sawlog",44075,"B475-04","475-04","B",82714,53.2860217133738,"475-04BSmall Sawlog"
"389",389,"475-04","B","Stud",36368,"B475-04","475-04","B",82714,43.9683729477477,"475-04BStud"
"390",390,"475-04","C","Large Sawlog",11832,"C475-04","475-04","C",288302,4.10402980208254,"475-04CLarge Sawlog"
"391",391,"475-04","C","Small Sawlog",276470,"C475-04","475-04","C",288302,95.8959701979175,"475-04CSmall Sawlog"
"392",392,"475-04","DF","Large Sawlog",45456,"DF475-04","475-04","DF",480131,9.46741618433303,"475-04DFLarge Sawlog"
"393",393,"475-04","DF","Small Sawlog",265135,"DF475-04","475-04","DF",480131,55.2213874963291,"475-04DFSmall Sawlog"
"394",394,"475-04","DF","Stud",169540,"DF475-04","475-04","DF",480131,35.3111963193378,"475-04DFStud"
"395",395,"475-04","EP","Large Sawlog",6,"EP475-04","475-04","EP",3111,0.192864030858245,"475-04EPLarge Sawlog"
"396",396,"475-04","EP","Small Sawlog",3105,"EP475-04","475-04","EP",3111,99.8071359691418,"475-04EPSmall Sawlog"
"397",397,"475-04","H","Small Sawlog",40,"H475-04","475-04","H",40,100,"475-04HSmall Sawlog"
"398",398,"475-04","PL","Large Sawlog",5289,"PL475-04","475-04","PL",168212,3.14424654602525,"475-04PLLarge Sawlog"
"399",399,"475-04","PL","Small Sawlog",77205,"PL475-04","475-04","PL",168212,45.8974389460918,"475-04PLSmall Sawlog"
"400",400,"475-04","PL","Stud",85718,"PL475-04","475-04","PL",168212,50.9583145078829,"475-04PLStud"
"401",401,"475-07","AT","Large Sawlog",492,"AT475-07","475-07","AT",12232,4.0222367560497,"475-07ATLarge Sawlog"
"402",402,"475-07","AT","Small Sawlog",11740,"AT475-07","475-07","AT",12232,95.9777632439503,"475-07ATSmall Sawlog"
"403",403,"475-07","B","Large Sawlog",2271,"B475-07","475-07","B",82714,2.74560533887855,"475-07BLarge Sawlog"
"404",404,"475-07","B","Small Sawlog",44075,"B475-07","475-07","B",82714,53.2860217133738,"475-07BSmall Sawlog"
"405",405,"475-07","B","Stud",36368,"B475-07","475-07","B",82714,43.9683729477477,"475-07BStud"
"406",406,"475-07","C","Large Sawlog",11832,"C475-07","475-07","C",288302,4.10402980208254,"475-07CLarge Sawlog"
"407",407,"475-07","C","Small Sawlog",276470,"C475-07","475-07","C",288302,95.8959701979175,"475-07CSmall Sawlog"
"408",408,"475-07","DF","Large Sawlog",45456,"DF475-07","475-07","DF",480131,9.46741618433303,"475-07DFLarge Sawlog"
"409",409,"475-07","DF","Small Sawlog",265135,"DF475-07","475-07","DF",480131,55.2213874963291,"475-07DFSmall Sawlog"
"410",410,"475-07","DF","Stud",169540,"DF475-07","475-07","DF",480131,35.3111963193378,"475-07DFStud"
"411",411,"475-07","EP","Large Sawlog",6,"EP475-07","475-07","EP",3111,0.192864030858245,"475-07EPLarge Sawlog"
"412",412,"475-07","EP","Small Sawlog",3105,"EP475-07","475-07","EP",3111,99.8071359691418,"475-07EPSmall Sawlog"
"413",413,"475-07","H","Small Sawlog",40,"H475-07","475-07","H",40,100,"475-07HSmall Sawlog"
"414",414,"475-07","PL","Large Sawlog",5289,"PL475-07","475-07","PL",168212,3.14424654602525,"475-07PLLarge Sawlog"
"415",415,"475-07","PL","Small Sawlog",77205,"PL475-07","475-07","PL",168212,45.8974389460918,"475-07PLSmall Sawlog"
"416",416,"475-07","PL","Stud",85718,"PL475-07","475-07","PL",168212,50.9583145078829,"475-07PLStud"
"417",417,"475-10","AT","Large Sawlog",492,"AT475-10","475-10","AT",9884,4.97774180493727,"475-10ATLarge Sawlog"
"418",418,"475-10","AT","Small Sawlog",9392,"AT475-10","475-10","AT",9884,95.0222581950627,"475-10ATSmall Sawlog"
"419",419,"475-10","B","Large Sawlog",2271,"B475-10","475-10","B",73899,3.07311330329233,"475-10BLarge Sawlog"
"420",420,"475-10","B","Small Sawlog",35260,"B475-10","475-10","B",73899,47.7137714989377,"475-10BSmall Sawlog"
"421",421,"475-10","B","Stud",36368,"B475-10","475-10","B",73899,49.2131151977699,"475-10BStud"
"422",422,"475-10","C","Large Sawlog",11832,"C475-10","475-10","C",233008,5.07793723820641,"475-10CLarge Sawlog"
"423",423,"475-10","C","Small Sawlog",221176,"C475-10","475-10","C",233008,94.9220627617936,"475-10CSmall Sawlog"
"424",424,"475-10","DF","Large Sawlog",45456,"DF475-10","475-10","DF",427104,10.6428410878849,"475-10DFLarge Sawlog"
"425",425,"475-10","DF","Small Sawlog",212108,"DF475-10","475-10","DF",427104,49.6619090432307,"475-10DFSmall Sawlog"
"426",426,"475-10","DF","Stud",169540,"DF475-10","475-10","DF",427104,39.6952498688844,"475-10DFStud"
"427",427,"475-10","EP","Large Sawlog",6,"EP475-10","475-10","EP",2490,0.240963855421687,"475-10EPLarge Sawlog"
"428",428,"475-10","EP","Small Sawlog",2484,"EP475-10","475-10","EP",2490,99.7590361445783,"475-10EPSmall Sawlog"
"429",429,"475-10","H","Small Sawlog",32,"H475-10","475-10","H",32,100,"475-10HSmall Sawlog"
"430",430,"475-10","PL","Large Sawlog",5289,"PL475-10","475-10","PL",152771,3.46204449797409,"475-10PLLarge Sawlog"
"431",431,"475-10","PL","Small Sawlog",61764,"PL475-10","475-10","PL",152771,40.4291390381682,"475-10PLSmall Sawlog"
"432",432,"475-10","PL","Stud",85718,"PL475-10","475-10","PL",152771,56.1088164638577,"475-10PLStud"
"433",433,NA,"AT","Large Sawlog",984,"ATNA",NA,"AT",17420,5.64867967853043,"NAATLarge Sawlog"
"434",434,NA,"AT","Small Sawlog",16436,"ATNA",NA,"AT",17420,94.3513203214696,"NAATSmall Sawlog"
"435",435,NA,"B","Large Sawlog",4542,"BNA",NA,"B",120799,3.75996490037169,"NABLarge Sawlog"
"436",436,NA,"B","Small Sawlog",61705,"BNA",NA,"B",120799,51.0807208668946,"NABSmall Sawlog"
"437",437,NA,"B","Stud",54552,"BNA",NA,"B",120799,45.1593142327337,"NABStud"
"438",438,NA,"C","Large Sawlog",23664,"CNA",NA,"C",410722,5.76156134806511,"NACLarge Sawlog"
"439",439,NA,"C","Small Sawlog",387058,"CNA",NA,"C",410722,94.2384386519349,"NACSmall Sawlog"
"440",440,NA,"DF","Large Sawlog",90912,"DFNA",NA,"DF",716411,12.6899224048765,"NADFLarge Sawlog"
"441",441,NA,"DF","Small Sawlog",371189,"DFNA",NA,"DF",716411,51.8122976894548,"NADFSmall Sawlog"
"442",442,NA,"DF","Stud",254310,"DFNA",NA,"DF",716411,35.4977799056687,"NADFStud"
"443",443,NA,"EP","Large Sawlog",12,"EPNA",NA,"EP",4359,0.275292498279422,"NAEPLarge Sawlog"
"444",444,NA,"EP","Small Sawlog",4347,"EPNA",NA,"EP",4359,99.7247075017206,"NAEPSmall Sawlog"
"445",445,NA,"H","Small Sawlog",56,"HNA",NA,"H",56,100,"NAHSmall Sawlog"
"446",446,NA,"PL","Large Sawlog",10578,"PLNA",NA,"PL",247242,4.27839930108962,"NAPLLarge Sawlog"
"447",447,NA,"PL","Small Sawlog",108087,"PLNA",NA,"PL",247242,43.7170869027107,"NAPLSmall Sawlog"
"448",448,NA,"PL","Stud",128577,"PLNA",NA,"PL",247242,52.0045137961997,"NAPLStud"
